{
  "homeInfo": {
    "title": "首页",
    "href": "page/welcome-1.html?t=1"
  },
  "logoInfo": {
    "title": "企业信息管理",
    "image": "images/logo.png",
    "href": ""
  },
  "menuInfo": [
    {
      "title": "常规管理",
      "icon": "fa fa-address-book",
      "href": "",
      "target": "_self",
      "child": [
        {
          "title": "主页",
          "href": "page/welcome-1.html",
          "icon": "fa fa-home",
          "target": "_self"
        },
        {
          "title": "用户管理",
          "href": "page/user-management.html",
          "icon": "fa fa-user",
          "target": "_self"
        },
        {
          "title": "员工管理",
          "href": "page/employee-management.html",
          "icon": "fa fa-users",
          "target": "_self"
        },
        {
          "title": "部门管理",
          "href": "page/department-management.html",
          "icon": "fa fa-sitemap",
          "target": "_self"
        },
        {
          "title": "考勤管理",
          "href": "page/attendance-management.html",
          "icon": "fa fa-calendar",
          "target": "_self"
        },
        {
          "title": "薪资管理",
          "href": "page/pay-management.html",
          "icon": "fa fa-jpy",
          "target": "_self"
        },
        {
		"title": "数据统计",
        "href": "page/data-statistics.html",
        "icon": "fa fa-pie-chart",
        "target": "_self"
		},
		{
			"title": "系统设置",
			"href": "page/system setting.html",
			"icon": "fa fa-cog",
			"target": "_self"
		},
		{
          "title": "异常页面",
          "href": "",
          "icon": "fa fa-home",
          "target": "_self",
          "child": [
            {
              "title": "404页面",
              "href": "page/404.html",
              "icon": "fa fa-hourglass-end",
              "target": "_self"
            }
          ]
        },
        {
          "title": "其它界面",
          "href": "",
          "icon": "fa fa-snowflake-o",
          "target": "",
          "child": [
            {
              "title": "按钮示例",
              "href": "page/button.html",
              "icon": "fa fa-snowflake-o",
              "target": "_self"
            }
            
          ]
        }
      ]
    },
    {
      "title": "组件管理",
      "icon": "fa fa-lemon-o",
      "href": "",
      "target": "_self",
      "child": [
        {
          "title": "图标列表",
          "href": "page/icon.html",
          "icon": "fa fa-dot-circle-o",
          "target": "_self"
        },
        {
          "title": "图标选择",
          "href": "page/icon-picker.html",
          "icon": "fa fa-adn",
          "target": "_self"
        },
        {
          "title": "颜色选择",
          "href": "page/color-select.html",
          "icon": "fa fa-dashboard",
          "target": "_self"
        },
        {
          "title": "下拉选择",
          "href": "page/table-select.html",
          "icon": "fa fa-angle-double-down",
          "target": "_self"
        },
        {
          "title": "文件上传",
          "href": "page/upload.html",
          "icon": "fa fa-arrow-up",
          "target": "_self"
        },
        {
          "title": "富文本编辑器",
          "href": "page/editor.html",
          "icon": "fa fa-edit",
          "target": "_self"
        },
        {
          "title": "省市县区选择器",
          "href": "page/area.html",
          "icon": "fa fa-rocket",
          "target": "_self"
        }
      ]
    },
    {
      "title": "其它管理",
      "icon": "fa fa-slideshare",
      "href": "",
      "target": "_self",
      "child": [
        {
          "title": "多级菜单",
          "href": "",
          "icon": "fa fa-meetup",
          "target": "",
          "child": [
            {
              "title": "按钮1",
              "href": "page/button.html?v=1",
              "icon": "fa fa-calendar",
              "target": "_self",
              "child": [
                {
                  "title": "按钮2",
                  "href": "page/button.html?v=2",
                  "icon": "fa fa-snowflake-o",
                  "target": "_self",
                  "child": [
                    {
                      "title": "按钮3",
                      "href": "page/button.html?v=3",
                      "icon": "fa fa-snowflake-o",
                      "target": "_self"
                    },
                    {
                      "title": "表单4",
                      "href": "page/form.html?v=1",
                      "icon": "fa fa-calendar",
                      "target": "_self"
                    }
                  ]
                }
              ]
            }
          ]
        },
        {
          "title": "失效菜单",
          "href": "page/error.html",
          "icon": "fa fa-superpowers",
          "target": "_self"
        }
      ]
    }
  ]
}